Workbook

Sheet 01 Executive Overview
B2: COFFEE SHOP | EXECUTIVE PULSE
B4: Performance overview • 2023 Jan–Jun • Select a store and month to filter scorecards
B6: STORE | F6: MONTH
B7: All stores | F7: All months
B9: TOTAL REVENUE | F9: UNITS SOLD | J9: TRANSACTIONS | M9: REVENUE / UNIT
B10: =IF($B$7="All stores",IF($F$7="All months",SUM('Data Model'!$D$2:$D$19),SUMIFS('Data Model'!$D$2:$D$19,'Data Model'!$C$2:$C$19,$F$7)),IF($F$7="All months",SUMIFS('Data Model'!$D$2:$D$19,'Data Model'!$B$2:$B$19,$B$7),SUMIFS('Data Model'!$D$2:$D$19,'Data Model'!$B$2:$B$19,$B$7,'Data Model'!$C$2:$C$19,$F$7))) -> 698812.33 | F10: =IF($B$7="All stores",IF($F$7="All months",SUM('Data Model'!$E$2:$E$19),SUMIFS('Data Model'!$E$2:$E$19,'Data Model'!$C$2:$C$19,$F$7)),IF($F$7="All months",SUMIFS('Data Model'!$E$2:$E$19,'Data Model'!$B$2:$B$19,$B$7),SUMIFS('Data Model'!$E$2:$E$19,'Data Model'!$B$2:$B$19,$B$7,'Data Model'!$C$2:$C$19,$F$7))) -> 214470 | J10: =IF($B$7="All stores",IF($F$7="All months",SUM('Data Model'!$F$2:$F$19),SUMIFS('Data Model'!$F$2:$F$19,'Data Model'!$C$2:$C$19,$F$7)),IF($F$7="All months",SUMIFS('Data Model'!$F$2:$F$19,'Data Model'!$B$2:$B$19,$B$7),SUMIFS('Data Model'!$F$2:$F$19,'Data Model'!$B$2:$B$19,$B$7,'Data Model'!$C$2:$C$19,$F$7))) -> 149116 | M10: =IFERROR(B10/F10,0) -> 3.258322
R15: Month | S15: Revenue | T15: Units | U15: Transactions | V15: Category | W15: Category Revenue
R16: Jan | S16: =IF(OR($F$7="All months",$F$7=R16),IF($B$7="All stores",SUMIFS('Data Model'!$D$2:$D$19,'Data Model'!$C$2:$C$19,R16),SUMIFS('Data Model'!$D$2:$D$19,'Data Model'!$B$2:$B$19,$B$7,'Data Model'!$C$2:$C$19,R16)),0) -> 81677.74 | T16: =IF(OR($F$7="All months",$F$7=R16),IF($B$7="All stores",SUMIFS('Data Model'!$E$2:$E$19,'Data Model'!$C$2:$C$19,R16),SUMIFS('Data Model'!$E$2:$E$19,'Data Model'!$B$2:$B$19,$B$7,'Data Model'!$C$2:$C$19,R16)),0) -> 24870 | U16: =IF(OR($F$7="All months",$F$7=R16),IF($B$7="All stores",SUMIFS('Data Model'!$F$2:$F$19,'Data Model'!$C$2:$C$19,R16),SUMIFS('Data Model'!$F$2:$F$19,'Data Model'!$B$2:$B$19,$B$7,'Data Model'!$C$2:$C$19,R16)),0) -> 17314 | V16: Bakery | W16: =IF($F$7="All months",SUMIFS('Data Model'!$D$20:$D$73,'Data Model'!$B$20:$B$73,V16),SUMIFS('Data Model'!$D$20:$D$73,'Data Model'!$B$20:$B$73,V16,'Data Model'!$C$20:$C$73,$F$7)) -> 82315.64
R17: Feb | S17: =IF(OR($F$7="All months",$F$7=R17),IF($B$7="All stores",SUMIFS('Data Model'!$D$2:$D$19,'Data Model'!$C$2:$C$19,R17),SUMIFS('Data Model'!$D$2:$D$19,'Data Model'!$B$2:$B$19,$B$7,'Data Model'!$C$2:$C$19,R17)),0) -> 76145.19 | T17: =IF(OR($F$7="All months",$F$7=R17),IF($B$7="All stores",SUMIFS('Data Model'!$E$2:$E$19,'Data Model'!$C$2:$C$19,R17),SUMIFS('Data Model'!$E$2:$E$19,'Data Model'!$B$2:$B$19,$B$7,'Data Model'!$C$2:$C$19,R17)),0) -> 23550 | U17: =IF(OR($F$7="All months",$F$7=R17),IF($B$7="All stores",SUMIFS('Data Model'!$F$2:$F$19,'Data Model'!$C$2:$C$19,R17),SUMIFS('Data Model'!$F$2:$F$19,'Data Model'!$B$2:$B$19,$B$7,'Data Model'!$C$2:$C$19,R17)),0) -> 16359 | V17: Branded | W17: =IF($F$7="All months",SUMIFS('Data Model'!$D$20:$D$73,'Data Model'!$B$20:$B$73,V17),SUMIFS('Data Model'!$D$20:$D$73,'Data Model'!$B$20:$B$73,V17,'Data Model'!$C$20:$C$73,$F$7)) -> 13607
R18: Mar | S18: =IF(OR($F$7="All months",$F$7=R18),IF($B$7="All stores",SUMIFS('Data Model'!$D$2:$D$19,'Data Model'!$C$2:$C$19,R18),SUMIFS('Data Model'!$D$2:$D$19,'Data Model'!$B$2:$B$19,$B$7,'Data Model'!$C$2:$C$19,R18)),0) -> 98834.68 | T18: =IF(OR($F$7="All months",$F$7=R18),IF($B$7="All stores",SUMIFS('Data Model'!$E$2:$E$19,'Data Model'!$C$2:$C$19,R18),SUMIFS('Data Model'!$E$2:$E$19,'Data Model'!$B$2:$B$19,$B$7,'Data Model'!$C$2:$C$19,R18)),0) -> 30406 | U18: =IF(OR($F$7="All months",$F$7=R18),IF($B$7="All stores",SUMIFS('Data Model'!$F$2:$F$19,'Data Model'!$C$2:$C$19,R18),SUMIFS('Data Model'!$F$2:$F$19,'Data Model'!$B$2:$B$19,$B$7,'Data Model'!$C$2:$C$19,R18)),0) -> 21229 | V18: Coffee | W18: =IF($F$7="All months",SUMIFS('Data Model'!$D$20:$D$73,'Data Model'!$B$20:$B$73,V18),SUMIFS('Data Model'!$D$20:$D$73,'Data Model'!$B$20:$B$73,V18,'Data Model'!$C$20:$C$73,$F$7)) -> 269952.45
R19: Apr | S19: =IF(OR($F$7="All months",$F$7=R19),IF($B$7="All stores",SUMIFS('Data Model'!$D$2:$D$19,'Data Model'!$C$2:$C$19,R19),SUMIFS('Data Model'!$D$2:$D$19,'Data Model'!$B$2:$B$19,$B$7,'Data Model'!$C$2:$C$19,R19)),0) -> 118941.08 | T19: =IF(OR($F$7="All months",$F$7=R19),IF($B$7="All stores",SUMIFS('Data Model'!$E$2:$E$19,'Data Model'!$C$2:$C$19,R19),SUMIFS('Data Model'!$E$2:$E$19,'Data Model'!$B$2:$B$19,$B$7,'Data Model'!$C$2:$C$19,R19)),0) -> 36469 | U19: =IF(OR($F$7="All months",$F$7=R19),IF($B$7="All stores",SUMIFS('Data Model'!$F$2:$F$19,'Data Model'!$C$2:$C$19,R19),SUMIFS('Data Model'!$F$2:$F$19,'Data Model'!$B$2:$B$19,$B$7,'Data Model'!$C$2:$C$19,R19)),0) -> 25335 | V19: Coffee beans | W19: =IF($F$7="All months",SUMIFS('Data Model'!$D$20:$D$73,'Data Model'!$B$20:$B$73,V19),SUMIFS('Data Model'!$D$20:$D$73,'Data Model'!$B$20:$B$73,V19,'Data Model'!$C$20:$C$73,$F$7)) -> 40085.25
R20: May | S20: =IF(OR($F$7="All months",$F$7=R20),IF($B$7="All stores",SUMIFS('Data Model'!$D$2:$D$19,'Data Model'!$C$2:$C$19,R20),SUMIFS('Data Model'!$D$2:$D$19,'Data Model'!$B$2:$B$19,$B$7,'Data Model'!$C$2:$C$19,R20)),0) -> 156727.76 | T20: =IF(OR($F$7="All months",$F$7=R20),IF($B$7="All stores",SUMIFS('Data Model'!$E$2:$E$19,'Data Model'!$C$2:$C$19,R20),SUMIFS('Data Model'!$E$2:$E$19,'Data Model'!$B$2:$B$19,$B$7,'Data Model'!$C$2:$C$19,R20)),0) -> 48233 | U20: =IF(OR($F$7="All months",$F$7=R20),IF($B$7="All stores",SUMIFS('Data Model'!$F$2:$F$19,'Data Model'!$C$2:$C$19,R20),SUMIFS('Data Model'!$F$2:$F$19,'Data Model'!$B$2:$B$19,$B$7,'Data Model'!$C$2:$C$19,R20)),0) -> 33527 | V20: Drinking Chocolate | W20: =IF($F$7="All months",SUMIFS('Data Model'!$D$20:$D$73,'Data Model'!$B$20:$B$73,V20),SUMIFS('Data Model'!$D$20:$D$73,'Data Model'!$B$20:$B$73,V20,'Data Model'!$C$20:$C$73,$F$7)) -> 72416
R21: Jun | S21: =IF(OR($F$7="All months",$F$7=R21),IF($B$7="All stores",SUMIFS('Data Model'!$D$2:$D$19,'Data Model'!$C$2:$C$19,R21),SUMIFS('Data Model'!$D$2:$D$19,'Data Model'!$B$2:$B$19,$B$7,'Data Model'!$C$2:$C$19,R21)),0) -> 166485.88 | T21: =IF(OR($F$7="All months",$F$7=R21),IF($B$7="All stores",SUMIFS('Data Model'!$E$2:$E$19,'Data Model'!$C$2:$C$19,R21),SUMIFS('Data Model'!$E$2:$E$19,'Data Model'!$B$2:$B$19,$B$7,'Data Model'!$C$2:$C$19,R21)),0) -> 50942 | U21: =IF(OR($F$7="All months",$F$7=R21),IF($B$7="All stores",SUMIFS('Data Model'!$F$2:$F$19,'Data Model'!$C$2:$C$19,R21),SUMIFS('Data Model'!$F$2:$F$19,'Data Model'!$B$2:$B$19,$B$7,'Data Model'!$C$2:$C$19,R21)),0) -> 35352 | V21: Flavours | W21: =IF($F$7="All months",SUMIFS('Data Model'!$D$20:$D$73,'Data Model'!$B$20:$B$73,V21),SUMIFS('Data Model'!$D$20:$D$73,'Data Model'!$B$20:$B$73,V21,'Data Model'!$C$20:$C$73,$F$7)) -> 8408.8
V22: Loose Tea | W22: =IF($F$7="All months",SUMIFS('Data Model'!$D$20:$D$73,'Data Model'!$B$20:$B$73,V22),SUMIFS('Data Model'!$D$20:$D$73,'Data Model'!$B$20:$B$73,V22,'Data Model'!$C$20:$C$73,$F$7)) -> 11213.6
V23: Packaged Chocolate | W23: =IF($F$7="All months",SUMIFS('Data Model'!$D$20:$D$73,'Data Model'!$B$20:$B$73,V23),SUMIFS('Data Model'!$D$20:$D$73,'Data Model'!$B$20:$B$73,V23,'Data Model'!$C$20:$C$73,$F$7)) -> 4407.64
V24: Tea | W24: =IF($F$7="All months",SUMIFS('Data Model'!$D$20:$D$73,'Data Model'!$B$20:$B$73,V24),SUMIFS('Data Model'!$D$20:$D$73,'Data Model'!$B$20:$B$73,V24,'Data Model'!$C$20:$C$73,$F$7)) -> 196405.95

Sheet 02 Sales & Trends
B2: SALES | REVENUE INTELLIGENCE
B4: Monthly momentum • Volume and transaction trends
B6: STORE | F6: MONTH
B7: All stores | F7: All months
B9: TOTAL REVENUE | F9: UNITS SOLD | J9: TRANSACTIONS | M9: REVENUE / UNIT
B10: =IF($B$7="All stores",IF($F$7="All months",SUM('Data Model'!$D$2:$D$19),SUMIFS('Data Model'!$D$2:$D$19,'Data Model'!$C$2:$C$19,$F$7)),IF($F$7="All months",SUMIFS('Data Model'!$D$2:$D$19,'Data Model'!$B$2:$B$19,$B$7),SUMIFS('Data Model'!$D$2:$D$19,'Data Model'!$B$2:$B$19,$B$7,'Data Model'!$C$2:$C$19,$F$7))) -> 698812.33 | F10: =IF($B$7="All stores",IF($F$7="All months",SUM('Data Model'!$E$2:$E$19),SUMIFS('Data Model'!$E$2:$E$19,'Data Model'!$C$2:$C$19,$F$7)),IF($F$7="All months",SUMIFS('Data Model'!$E$2:$E$19,'Data Model'!$B$2:$B$19,$B$7),SUMIFS('Data Model'!$E$2:$E$19,'Data Model'!$B$2:$B$19,$B$7,'Data Model'!$C$2:$C$19,$F$7))) -> 214470 | J10: =IF($B$7="All stores",IF($F$7="All months",SUM('Data Model'!$F$2:$F$19),SUMIFS('Data Model'!$F$2:$F$19,'Data Model'!$C$2:$C$19,$F$7)),IF($F$7="All months",SUMIFS('Data Model'!$F$2:$F$19,'Data Model'!$B$2:$B$19,$B$7),SUMIFS('Data Model'!$F$2:$F$19,'Data Model'!$B$2:$B$19,$B$7,'Data Model'!$C$2:$C$19,$F$7))) -> 149116 | M10: =IFERROR(B10/F10,0) -> 3.258322
R15: Month | S15: Revenue | T15: Units | U15: Transactions | V15: Category | W15: Category Revenue
R16: Jan | S16: =IF(OR($F$7="All months",$F$7=R16),IF($B$7="All stores",SUMIFS('Data Model'!$D$2:$D$19,'Data Model'!$C$2:$C$19,R16),SUMIFS('Data Model'!$D$2:$D$19,'Data Model'!$B$2:$B$19,$B$7,'Data Model'!$C$2:$C$19,R16)),0) -> 81677.74 | T16: =IF(OR($F$7="All months",$F$7=R16),IF($B$7="All stores",SUMIFS('Data Model'!$E$2:$E$19,'Data Model'!$C$2:$C$19,R16),SUMIFS('Data Model'!$E$2:$E$19,'Data Model'!$B$2:$B$19,$B$7,'Data Model'!$C$2:$C$19,R16)),0) -> 24870 | U16: =IF(OR($F$7="All months",$F$7=R16),IF($B$7="All stores",SUMIFS('Data Model'!$F$2:$F$19,'Data Model'!$C$2:$C$19,R16),SUMIFS('Data Model'!$F$2:$F$19,'Data Model'!$B$2:$B$19,$B$7,'Data Model'!$C$2:$C$19,R16)),0) -> 17314 | V16: Bakery | W16: =IF($F$7="All months",SUMIFS('Data Model'!$D$20:$D$73,'Data Model'!$B$20:$B$73,V16),SUMIFS('Data Model'!$D$20:$D$73,'Data Model'!$B$20:$B$73,V16,'Data Model'!$C$20:$C$73,$F$7)) -> 82315.64
R17: Feb | S17: =IF(OR($F$7="All months",$F$7=R17),IF($B$7="All stores",SUMIFS('Data Model'!$D$2:$D$19,'Data Model'!$C$2:$C$19,R17),SUMIFS('Data Model'!$D$2:$D$19,'Data Model'!$B$2:$B$19,$B$7,'Data Model'!$C$2:$C$19,R17)),0) -> 76145.19 | T17: =IF(OR($F$7="All months",$F$7=R17),IF($B$7="All stores",SUMIFS('Data Model'!$E$2:$E$19,'Data Model'!$C$2:$C$19,R17),SUMIFS('Data Model'!$E$2:$E$19,'Data Model'!$B$2:$B$19,$B$7,'Data Model'!$C$2:$C$19,R17)),0) -> 23550 | U17: =IF(OR($F$7="All months",$F$7=R17),IF($B$7="All stores",SUMIFS('Data Model'!$F$2:$F$19,'Data Model'!$C$2:$C$19,R17),SUMIFS('Data Model'!$F$2:$F$19,'Data Model'!$B$2:$B$19,$B$7,'Data Model'!$C$2:$C$19,R17)),0) -> 16359 | V17: Branded | W17: =IF($F$7="All months",SUMIFS('Data Model'!$D$20:$D$73,'Data Model'!$B$20:$B$73,V17),SUMIFS('Data Model'!$D$20:$D$73,'Data Model'!$B$20:$B$73,V17,'Data Model'!$C$20:$C$73,$F$7)) -> 13607
R18: Mar | S18: =IF(OR($F$7="All months",$F$7=R18),IF($B$7="All stores",SUMIFS('Data Model'!$D$2:$D$19,'Data Model'!$C$2:$C$19,R18),SUMIFS('Data Model'!$D$2:$D$19,'Data Model'!$B$2:$B$19,$B$7,'Data Model'!$C$2:$C$19,R18)),0) -> 98834.68 | T18: =IF(OR($F$7="All months",$F$7=R18),IF($B$7="All stores",SUMIFS('Data Model'!$E$2:$E$19,'Data Model'!$C$2:$C$19,R18),SUMIFS('Data Model'!$E$2:$E$19,'Data Model'!$B$2:$B$19,$B$7,'Data Model'!$C$2:$C$19,R18)),0) -> 30406 | U18: =IF(OR($F$7="All months",$F$7=R18),IF($B$7="All stores",SUMIFS('Data Model'!$F$2:$F$19,'Data Model'!$C$2:$C$19,R18),SUMIFS('Data Model'!$F$2:$F$19,'Data Model'!$B$2:$B$19,$B$7,'Data Model'!$C$2:$C$19,R18)),0) -> 21229 | V18: Coffee | W18: =IF($F$7="All months",SUMIFS('Data Model'!$D$20:$D$73,'Data Model'!$B$20:$B$73,V18),SUMIFS('Data Model'!$D$20:$D$73,'Data Model'!$B$20:$B$73,V18,'Data Model'!$C$20:$C$73,$F$7)) -> 269952.45
R19: Apr | S19: =IF(OR($F$7="All months",$F$7=R19),IF($B$7="All stores",SUMIFS('Data Model'!$D$2:$D$19,'Data Model'!$C$2:$C$19,R19),SUMIFS('Data Model'!$D$2:$D$19,'Data Model'!$B$2:$B$19,$B$7,'Data Model'!$C$2:$C$19,R19)),0) -> 118941.08 | T19: =IF(OR($F$7="All months",$F$7=R19),IF($B$7="All stores",SUMIFS('Data Model'!$E$2:$E$19,'Data Model'!$C$2:$C$19,R19),SUMIFS('Data Model'!$E$2:$E$19,'Data Model'!$B$2:$B$19,$B$7,'Data Model'!$C$2:$C$19,R19)),0) -> 36469 | U19: =IF(OR($F$7="All months",$F$7=R19),IF($B$7="All stores",SUMIFS('Data Model'!$F$2:$F$19,'Data Model'!$C$2:$C$19,R19),SUMIFS('Data Model'!$F$2:$F$19,'Data Model'!$B$2:$B$19,$B$7,'Data Model'!$C$2:$C$19,R19)),0) -> 25335 | V19: Coffee beans | W19: =IF($F$7="All months",SUMIFS('Data Model'!$D$20:$D$73,'Data Model'!$B$20:$B$73,V19),SUMIFS('Data Model'!$D$20:$D$73,'Data Model'!$B$20:$B$73,V19,'Data Model'!$C$20:$C$73,$F$7)) -> 40085.25
R20: May | S20: =IF(OR($F$7="All months",$F$7=R20),IF($B$7="All stores",SUMIFS('Data Model'!$D$2:$D$19,'Data Model'!$C$2:$C$19,R20),SUMIFS('Data Model'!$D$2:$D$19,'Data Model'!$B$2:$B$19,$B$7,'Data Model'!$C$2:$C$19,R20)),0) -> 156727.76 | T20: =IF(OR($F$7="All months",$F$7=R20),IF($B$7="All stores",SUMIFS('Data Model'!$E$2:$E$19,'Data Model'!$C$2:$C$19,R20),SUMIFS('Data Model'!$E$2:$E$19,'Data Model'!$B$2:$B$19,$B$7,'Data Model'!$C$2:$C$19,R20)),0) -> 48233 | U20: =IF(OR($F$7="All months",$F$7=R20),IF($B$7="All stores",SUMIFS('Data Model'!$F$2:$F$19,'Data Model'!$C$2:$C$19,R20),SUMIFS('Data Model'!$F$2:$F$19,'Data Model'!$B$2:$B$19,$B$7,'Data Model'!$C$2:$C$19,R20)),0) -> 33527 | V20: Drinking Chocolate | W20: =IF($F$7="All months",SUMIFS('Data Model'!$D$20:$D$73,'Data Model'!$B$20:$B$73,V20),SUMIFS('Data Model'!$D$20:$D$73,'Data Model'!$B$20:$B$73,V20,'Data Model'!$C$20:$C$73,$F$7)) -> 72416
R21: Jun | S21: =IF(OR($F$7="All months",$F$7=R21),IF($B$7="All stores",SUMIFS('Data Model'!$D$2:$D$19,'Data Model'!$C$2:$C$19,R21),SUMIFS('Data Model'!$D$2:$D$19,'Data Model'!$B$2:$B$19,$B$7,'Data Model'!$C$2:$C$19,R21)),0) -> 166485.88 | T21: =IF(OR($F$7="All months",$F$7=R21),IF($B$7="All stores",SUMIFS('Data Model'!$E$2:$E$19,'Data Model'!$C$2:$C$19,R21),SUMIFS('Data Model'!$E$2:$E$19,'Data Model'!$B$2:$B$19,$B$7,'Data Model'!$C$2:$C$19,R21)),0) -> 50942 | U21: =IF(OR($F$7="All months",$F$7=R21),IF($B$7="All stores",SUMIFS('Data Model'!$F$2:$F$19,'Data Model'!$C$2:$C$19,R21),SUMIFS('Data Model'!$F$2:$F$19,'Data Model'!$B$2:$B$19,$B$7,'Data Model'!$C$2:$C$19,R21)),0) -> 35352 | V21: Flavours | W21: =IF($F$7="All months",SUMIFS('Data Model'!$D$20:$D$73,'Data Model'!$B$20:$B$73,V21),SUMIFS('Data Model'!$D$20:$D$73,'Data Model'!$B$20:$B$73,V21,'Data Model'!$C$20:$C$73,$F$7)) -> 8408.8
V22: Loose Tea | W22: =IF($F$7="All months",SUMIFS('Data Model'!$D$20:$D$73,'Data Model'!$B$20:$B$73,V22),SUMIFS('Data Model'!$D$20:$D$73,'Data Model'!$B$20:$B$73,V22,'Data Model'!$C$20:$C$73,$F$7)) -> 11213.6
V23: Packaged Chocolate | W23: =IF($F$7="All months",SUMIFS('Data Model'!$D$20:$D$73,'Data Model'!$B$20:$B$73,V23),SUMIFS('Data Model'!$D$20:$D$73,'Data Model'!$B$20:$B$73,V23,'Data Model'!$C$20:$C$73,$F$7)) -> 4407.64
V24: Tea | W24: =IF($F$7="All months",SUMIFS('Data Model'!$D$20:$D$73,'Data Model'!$B$20:$B$73,V24),SUMIFS('Data Model'!$D$20:$D$73,'Data Model'!$B$20:$B$73,V24,'Data Model'!$C$20:$C$73,$F$7)) -> 196405.95

Sheet 03 Product Intelligence
B2: PRODUCT | CATEGORY INTELLIGENCE
B4: Portfolio performance • Revenue and volume mix
B6: STORE | F6: MONTH
B7: All stores | F7: All months
B9: TOTAL REVENUE | F9: UNITS SOLD | J9: TRANSACTIONS | M9: REVENUE / UNIT
B10: =IF($B$7="All stores",IF($F$7="All months",SUM('Data Model'!$D$2:$D$19),SUMIFS('Data Model'!$D$2:$D$19,'Data Model'!$C$2:$C$19,$F$7)),IF($F$7="All months",SUMIFS('Data Model'!$D$2:$D$19,'Data Model'!$B$2:$B$19,$B$7),SUMIFS('Data Model'!$D$2:$D$19,'Data Model'!$B$2:$B$19,$B$7,'Data Model'!$C$2:$C$19,$F$7))) -> 698812.33 | F10: =IF($B$7="All stores",IF($F$7="All months",SUM('Data Model'!$E$2:$E$19),SUMIFS('Data Model'!$E$2:$E$19,'Data Model'!$C$2:$C$19,$F$7)),IF($F$7="All months",SUMIFS('Data Model'!$E$2:$E$19,'Data Model'!$B$2:$B$19,$B$7),SUMIFS('Data Model'!$E$2:$E$19,'Data Model'!$B$2:$B$19,$B$7,'Data Model'!$C$2:$C$19,$F$7))) -> 214470 | J10: =IF($B$7="All stores",IF($F$7="All months",SUM('Data Model'!$F$2:$F$19),SUMIFS('Data Model'!$F$2:$F$19,'Data Model'!$C$2:$C$19,$F$7)),IF($F$7="All months",SUMIFS('Data Model'!$F$2:$F$19,'Data Model'!$B$2:$B$19,$B$7),SUMIFS('Data Model'!$F$2:$F$19,'Data Model'!$B$2:$B$19,$B$7,'Data Model'!$C$2:$C$19,$F$7))) -> 149116 | M10: =IFERROR(B10/F10,0) -> 3.258322
R15: Month | S15: Revenue | T15: Units | U15: Transactions | V15: Category | W15: Category Revenue
R16: Jan | S16: =IF(OR($F$7="All months",$F$7=R16),IF($B$7="All stores",SUMIFS('Data Model'!$D$2:$D$19,'Data Model'!$C$2:$C$19,R16),SUMIFS('Data Model'!$D$2:$D$19,'Data Model'!$B$2:$B$19,$B$7,'Data Model'!$C$2:$C$19,R16)),0) -> 81677.74 | T16: =IF(OR($F$7="All months",$F$7=R16),IF($B$7="All stores",SUMIFS('Data Model'!$E$2:$E$19,'Data Model'!$C$2:$C$19,R16),SUMIFS('Data Model'!$E$2:$E$19,'Data Model'!$B$2:$B$19,$B$7,'Data Model'!$C$2:$C$19,R16)),0) -> 24870 | U16: =IF(OR($F$7="All months",$F$7=R16),IF($B$7="All stores",SUMIFS('Data Model'!$F$2:$F$19,'Data Model'!$C$2:$C$19,R16),SUMIFS('Data Model'!$F$2:$F$19,'Data Model'!$B$2:$B$19,$B$7,'Data Model'!$C$2:$C$19,R16)),0) -> 17314 | V16: Bakery | W16: =IF($F$7="All months",SUMIFS('Data Model'!$D$20:$D$73,'Data Model'!$B$20:$B$73,V16),SUMIFS('Data Model'!$D$20:$D$73,'Data Model'!$B$20:$B$73,V16,'Data Model'!$C$20:$C$73,$F$7)) -> 82315.64
R17: Feb | S17: =IF(OR($F$7="All months",$F$7=R17),IF($B$7="All stores",SUMIFS('Data Model'!$D$2:$D$19,'Data Model'!$C$2:$C$19,R17),SUMIFS('Data Model'!$D$2:$D$19,'Data Model'!$B$2:$B$19,$B$7,'Data Model'!$C$2:$C$19,R17)),0) -> 76145.19 | T17: =IF(OR($F$7="All months",$F$7=R17),IF($B$7="All stores",SUMIFS('Data Model'!$E$2:$E$19,'Data Model'!$C$2:$C$19,R17),SUMIFS('Data Model'!$E$2:$E$19,'Data Model'!$B$2:$B$19,$B$7,'Data Model'!$C$2:$C$19,R17)),0) -> 23550 | U17: =IF(OR($F$7="All months",$F$7=R17),IF($B$7="All stores",SUMIFS('Data Model'!$F$2:$F$19,'Data Model'!$C$2:$C$19,R17),SUMIFS('Data Model'!$F$2:$F$19,'Data Model'!$B$2:$B$19,$B$7,'Data Model'!$C$2:$C$19,R17)),0) -> 16359 | V17: Branded | W17: =IF($F$7="All months",SUMIFS('Data Model'!$D$20:$D$73,'Data Model'!$B$20:$B$73,V17),SUMIFS('Data Model'!$D$20:$D$73,'Data Model'!$B$20:$B$73,V17,'Data Model'!$C$20:$C$73,$F$7)) -> 13607
R18: Mar | S18: =IF(OR($F$7="All months",$F$7=R18),IF($B$7="All stores",SUMIFS('Data Model'!$D$2:$D$19,'Data Model'!$C$2:$C$19,R18),SUMIFS('Data Model'!$D$2:$D$19,'Data Model'!$B$2:$B$19,$B$7,'Data Model'!$C$2:$C$19,R18)),0) -> 98834.68 | T18: =IF(OR($F$7="All months",$F$7=R18),IF($B$7="All stores",SUMIFS('Data Model'!$E$2:$E$19,'Data Model'!$C$2:$C$19,R18),SUMIFS('Data Model'!$E$2:$E$19,'Data Model'!$B$2:$B$19,$B$7,'Data Model'!$C$2:$C$19,R18)),0) -> 30406 | U18: =IF(OR($F$7="All months",$F$7=R18),IF($B$7="All stores",SUMIFS('Data Model'!$F$2:$F$19,'Data Model'!$C$2:$C$19,R18),SUMIFS('Data Model'!$F$2:$F$19,'Data Model'!$B$2:$B$19,$B$7,'Data Model'!$C$2:$C$19,R18)),0) -> 21229 | V18: Coffee | W18: =IF($F$7="All months",SUMIFS('Data Model'!$D$20:$D$73,'Data Model'!$B$20:$B$73,V18),SUMIFS('Data Model'!$D$20:$D$73,'Data Model'!$B$20:$B$73,V18,'Data Model'!$C$20:$C$73,$F$7)) -> 269952.45
R19: Apr | S19: =IF(OR($F$7="All months",$F$7=R19),IF($B$7="All stores",SUMIFS('Data Model'!$D$2:$D$19,'Data Model'!$C$2:$C$19,R19),SUMIFS('Data Model'!$D$2:$D$19,'Data Model'!$B$2:$B$19,$B$7,'Data Model'!$C$2:$C$19,R19)),0) -> 118941.08 | T19: =IF(OR($F$7="All months",$F$7=R19),IF($B$7="All stores",SUMIFS('Data Model'!$E$2:$E$19,'Data Model'!$C$2:$C$19,R19),SUMIFS('Data Model'!$E$2:$E$19,'Data Model'!$B$2:$B$19,$B$7,'Data Model'!$C$2:$C$19,R19)),0) -> 36469 | U19: =IF(OR($F$7="All months",$F$7=R19),IF($B$7="All stores",SUMIFS('Data Model'!$F$2:$F$19,'Data Model'!$C$2:$C$19,R19),SUMIFS('Data Model'!$F$2:$F$19,'Data Model'!$B$2:$B$19,$B$7,'Data Model'!$C$2:$C$19,R19)),0) -> 25335 | V19: Coffee beans | W19: =IF($F$7="All months",SUMIFS('Data Model'!$D$20:$D$73,'Data Model'!$B$20:$B$73,V19),SUMIFS('Data Model'!$D$20:$D$73,'Data Model'!$B$20:$B$73,V19,'Data Model'!$C$20:$C$73,$F$7)) -> 40085.25
R20: May | S20: =IF(OR($F$7="All months",$F$7=R20),IF($B$7="All stores",SUMIFS('Data Model'!$D$2:$D$19,'Data Model'!$C$2:$C$19,R20),SUMIFS('Data Model'!$D$2:$D$19,'Data Model'!$B$2:$B$19,$B$7,'Data Model'!$C$2:$C$19,R20)),0) -> 156727.76 | T20: =IF(OR($F$7="All months",$F$7=R20),IF($B$7="All stores",SUMIFS('Data Model'!$E$2:$E$19,'Data Model'!$C$2:$C$19,R20),SUMIFS('Data Model'!$E$2:$E$19,'Data Model'!$B$2:$B$19,$B$7,'Data Model'!$C$2:$C$19,R20)),0) -> 48233 | U20: =IF(OR($F$7="All months",$F$7=R20),IF($B$7="All stores",SUMIFS('Data Model'!$F$2:$F$19,'Data Model'!$C$2:$C$19,R20),SUMIFS('Data Model'!$F$2:$F$19,'Data Model'!$B$2:$B$19,$B$7,'Data Model'!$C$2:$C$19,R20)),0) -> 33527 | V20: Drinking Chocolate | W20: =IF($F$7="All months",SUMIFS('Data Model'!$D$20:$D$73,'Data Model'!$B$20:$B$73,V20),SUMIFS('Data Model'!$D$20:$D$73,'Data Model'!$B$20:$B$73,V20,'Data Model'!$C$20:$C$73,$F$7)) -> 72416
R21: Jun | S21: =IF(OR($F$7="All months",$F$7=R21),IF($B$7="All stores",SUMIFS('Data Model'!$D$2:$D$19,'Data Model'!$C$2:$C$19,R21),SUMIFS('Data Model'!$D$2:$D$19,'Data Model'!$B$2:$B$19,$B$7,'Data Model'!$C$2:$C$19,R21)),0) -> 166485.88 | T21: =IF(OR($F$7="All months",$F$7=R21),IF($B$7="All stores",SUMIFS('Data Model'!$E$2:$E$19,'Data Model'!$C$2:$C$19,R21),SUMIFS('Data Model'!$E$2:$E$19,'Data Model'!$B$2:$B$19,$B$7,'Data Model'!$C$2:$C$19,R21)),0) -> 50942 | U21: =IF(OR($F$7="All months",$F$7=R21),IF($B$7="All stores",SUMIFS('Data Model'!$F$2:$F$19,'Data Model'!$C$2:$C$19,R21),SUMIFS('Data Model'!$F$2:$F$19,'Data Model'!$B$2:$B$19,$B$7,'Data Model'!$C$2:$C$19,R21)),0) -> 35352 | V21: Flavours | W21: =IF($F$7="All months",SUMIFS('Data Model'!$D$20:$D$73,'Data Model'!$B$20:$B$73,V21),SUMIFS('Data Model'!$D$20:$D$73,'Data Model'!$B$20:$B$73,V21,'Data Model'!$C$20:$C$73,$F$7)) -> 8408.8
V22: Loose Tea | W22: =IF($F$7="All months",SUMIFS('Data Model'!$D$20:$D$73,'Data Model'!$B$20:$B$73,V22),SUMIFS('Data Model'!$D$20:$D$73,'Data Model'!$B$20:$B$73,V22,'Data Model'!$C$20:$C$73,$F$7)) -> 11213.6
V23: Packaged Chocolate | W23: =IF($F$7="All months",SUMIFS('Data Model'!$D$20:$D$73,'Data Model'!$B$20:$B$73,V23),SUMIFS('Data Model'!$D$20:$D$73,'Data Model'!$B$20:$B$73,V23,'Data Model'!$C$20:$C$73,$F$7)) -> 4407.64
V24: Tea | W24: =IF($F$7="All months",SUMIFS('Data Model'!$D$20:$D$73,'Data Model'!$B$20:$B$73,V24),SUMIFS('Data Model'!$D$20:$D$73,'Data Model'!$B$20:$B$73,V24,'Data Model'!$C$20:$C$73,$F$7)) -> 196405.95

Sheet 04 Store Performance
B2: STORES | LOCATION PERFORMANCE
B4: Store benchmarking • Revenue, sales and efficiency
B6: STORE | F6: MONTH
B7: All stores | F7: All months
B9: TOTAL REVENUE | F9: UNITS SOLD | J9: TRANSACTIONS | M9: REVENUE / UNIT
B10: =IF($B$7="All stores",IF($F$7="All months",SUM('Data Model'!$D$2:$D$19),SUMIFS('Data Model'!$D$2:$D$19,'Data Model'!$C$2:$C$19,$F$7)),IF($F$7="All months",SUMIFS('Data Model'!$D$2:$D$19,'Data Model'!$B$2:$B$19,$B$7),SUMIFS('Data Model'!$D$2:$D$19,'Data Model'!$B$2:$B$19,$B$7,'Data Model'!$C$2:$C$19,$F$7))) -> 698812.33 | F10: =IF($B$7="All stores",IF($F$7="All months",SUM('Data Model'!$E$2:$E$19),SUMIFS('Data Model'!$E$2:$E$19,'Data Model'!$C$2:$C$19,$F$7)),IF($F$7="All months",SUMIFS('Data Model'!$E$2:$E$19,'Data Model'!$B$2:$B$19,$B$7),SUMIFS('Data Model'!$E$2:$E$19,'Data Model'!$B$2:$B$19,$B$7,'Data Model'!$C$2:$C$19,$F$7))) -> 214470 | J10: =IF($B$7="All stores",IF($F$7="All months",SUM('Data Model'!$F$2:$F$19),SUMIFS('Data Model'!$F$2:$F$19,'Data Model'!$C$2:$C$19,$F$7)),IF($F$7="All months",SUMIFS('Data Model'!$F$2:$F$19,'Data Model'!$B$2:$B$19,$B$7),SUMIFS('Data Model'!$F$2:$F$19,'Data Model'!$B$2:$B$19,$B$7,'Data Model'!$C$2:$C$19,$F$7))) -> 149116 | M10: =IFERROR(B10/F10,0) -> 3.258322
R15: Month | S15: Revenue | T15: Units | U15: Transactions | V15: Category | W15: Category Revenue | Y15: Store | Z15: Revenue | AA15: Units | AB15: Transactions
R16: Jan | S16: =IF(OR($F$7="All months",$F$7=R16),IF($B$7="All stores",SUMIFS('Data Model'!$D$2:$D$19,'Data Model'!$C$2:$C$19,R16),SUMIFS('Data Model'!$D$2:$D$19,'Data Model'!$B$2:$B$19,$B$7,'Data Model'!$C$2:$C$19,R16)),0) -> 81677.74 | T16: =IF(OR($F$7="All months",$F$7=R16),IF($B$7="All stores",SUMIFS('Data Model'!$E$2:$E$19,'Data Model'!$C$2:$C$19,R16),SUMIFS('Data Model'!$E$2:$E$19,'Data Model'!$B$2:$B$19,$B$7,'Data Model'!$C$2:$C$19,R16)),0) -> 24870 | U16: =IF(OR($F$7="All months",$F$7=R16),IF($B$7="All stores",SUMIFS('Data Model'!$F$2:$F$19,'Data Model'!$C$2:$C$19,R16),SUMIFS('Data Model'!$F$2:$F$19,'Data Model'!$B$2:$B$19,$B$7,'Data Model'!$C$2:$C$19,R16)),0) -> 17314 | V16: Bakery | W16: =IF($F$7="All months",SUMIFS('Data Model'!$D$20:$D$73,'Data Model'!$B$20:$B$73,V16),SUMIFS('Data Model'!$D$20:$D$73,'Data Model'!$B$20:$B$73,V16,'Data Model'!$C$20:$C$73,$F$7)) -> 82315.64 | Y16: Astoria | Z16: =IF($F$7="All months",SUMIFS('Data Model'!$D$2:$D$19,'Data Model'!$B$2:$B$19,Y16),SUMIFS('Data Model'!$D$2:$D$19,'Data Model'!$B$2:$B$19,Y16,'Data Model'!$C$2:$C$19,$F$7)) -> 232243.91 | AA16: =IF($F$7="All months",SUMIFS('Data Model'!$E$2:$E$19,'Data Model'!$B$2:$B$19,Y16),SUMIFS('Data Model'!$E$2:$E$19,'Data Model'!$B$2:$B$19,Y16,'Data Model'!$C$2:$C$19,$F$7)) -> 70991 | AB16: =IF($F$7="All months",SUMIFS('Data Model'!$F$2:$F$19,'Data Model'!$B$2:$B$19,Y16),SUMIFS('Data Model'!$F$2:$F$19,'Data Model'!$B$2:$B$19,Y16,'Data Model'!$C$2:$C$19,$F$7)) -> 50599
R17: Feb | S17: =IF(OR($F$7="All months",$F$7=R17),IF($B$7="All stores",SUMIFS('Data Model'!$D$2:$D$19,'Data Model'!$C$2:$C$19,R17),SUMIFS('Data Model'!$D$2:$D$19,'Data Model'!$B$2:$B$19,$B$7,'Data Model'!$C$2:$C$19,R17)),0) -> 76145.19 | T17: =IF(OR($F$7="All months",$F$7=R17),IF($B$7="All stores",SUMIFS('Data Model'!$E$2:$E$19,'Data Model'!$C$2:$C$19,R17),SUMIFS('Data Model'!$E$2:$E$19,'Data Model'!$B$2:$B$19,$B$7,'Data Model'!$C$2:$C$19,R17)),0) -> 23550 | U17: =IF(OR($F$7="All months",$F$7=R17),IF($B$7="All stores",SUMIFS('Data Model'!$F$2:$F$19,'Data Model'!$C$2:$C$19,R17),SUMIFS('Data Model'!$F$2:$F$19,'Data Model'!$B$2:$B$19,$B$7,'Data Model'!$C$2:$C$19,R17)),0) -> 16359 | V17: Branded | W17: =IF($F$7="All months",SUMIFS('Data Model'!$D$20:$D$73,'Data Model'!$B$20:$B$73,V17),SUMIFS('Data Model'!$D$20:$D$73,'Data Model'!$B$20:$B$73,V17,'Data Model'!$C$20:$C$73,$F$7)) -> 13607 | Y17: Hell's Kitchen | Z17: =IF($F$7="All months",SUMIFS('Data Model'!$D$2:$D$19,'Data Model'!$B$2:$B$19,Y17),SUMIFS('Data Model'!$D$2:$D$19,'Data Model'!$B$2:$B$19,Y17,'Data Model'!$C$2:$C$19,$F$7)) -> 236511.17 | AA17: =IF($F$7="All months",SUMIFS('Data Model'!$E$2:$E$19,'Data Model'!$B$2:$B$19,Y17),SUMIFS('Data Model'!$E$2:$E$19,'Data Model'!$B$2:$B$19,Y17,'Data Model'!$C$2:$C$19,$F$7)) -> 71737 | AB17: =IF($F$7="All months",SUMIFS('Data Model'!$F$2:$F$19,'Data Model'!$B$2:$B$19,Y17),SUMIFS('Data Model'!$F$2:$F$19,'Data Model'!$B$2:$B$19,Y17,'Data Model'!$C$2:$C$19,$F$7)) -> 50735
R18: Mar | S18: =IF(OR($F$7="All months",$F$7=R18),IF($B$7="All stores",SUMIFS('Data Model'!$D$2:$D$19,'Data Model'!$C$2:$C$19,R18),SUMIFS('Data Model'!$D$2:$D$19,'Data Model'!$B$2:$B$19,$B$7,'Data Model'!$C$2:$C$19,R18)),0) -> 98834.68 | T18: =IF(OR($F$7="All months",$F$7=R18),IF($B$7="All stores",SUMIFS('Data Model'!$E$2:$E$19,'Data Model'!$C$2:$C$19,R18),SUMIFS('Data Model'!$E$2:$E$19,'Data Model'!$B$2:$B$19,$B$7,'Data Model'!$C$2:$C$19,R18)),0) -> 30406 | U18: =IF(OR($F$7="All months",$F$7=R18),IF($B$7="All stores",SUMIFS('Data Model'!$F$2:$F$19,'Data Model'!$C$2:$C$19,R18),SUMIFS('Data Model'!$F$2:$F$19,'Data Model'!$B$2:$B$19,$B$7,'Data Model'!$C$2:$C$19,R18)),0) -> 21229 | V18: Coffee | W18: =IF($F$7="All months",SUMIFS('Data Model'!$D$20:$D$73,'Data Model'!$B$20:$B$73,V18),SUMIFS('Data Model'!$D$20:$D$73,'Data Model'!$B$20:$B$73,V18,'Data Model'!$C$20:$C$73,$F$7)) -> 269952.45 | Y18: Lower Manhattan | Z18: =IF($F$7="All months",SUMIFS('Data Model'!$D$2:$D$19,'Data Model'!$B$2:$B$19,Y18),SUMIFS('Data Model'!$D$2:$D$19,'Data Model'!$B$2:$B$19,Y18,'Data Model'!$C$2:$C$19,$F$7)) -> 230057.25 | AA18: =IF($F$7="All months",SUMIFS('Data Model'!$E$2:$E$19,'Data Model'!$B$2:$B$19,Y18),SUMIFS('Data Model'!$E$2:$E$19,'Data Model'!$B$2:$B$19,Y18,'Data Model'!$C$2:$C$19,$F$7)) -> 71742 | AB18: =IF($F$7="All months",SUMIFS('Data Model'!$F$2:$F$19,'Data Model'!$B$2:$B$19,Y18),SUMIFS('Data Model'!$F$2:$F$19,'Data Model'!$B$2:$B$19,Y18,'Data Model'!$C$2:$C$19,$F$7)) -> 47782
R19: Apr | S19: =IF(OR($F$7="All months",$F$7=R19),IF($B$7="All stores",SUMIFS('Data Model'!$D$2:$D$19,'Data Model'!$C$2:$C$19,R19),SUMIFS('Data Model'!$D$2:$D$19,'Data Model'!$B$2:$B$19,$B$7,'Data Model'!$C$2:$C$19,R19)),0) -> 118941.08 | T19: =IF(OR($F$7="All months",$F$7=R19),IF($B$7="All stores",SUMIFS('Data Model'!$E$2:$E$19,'Data Model'!$C$2:$C$19,R19),SUMIFS('Data Model'!$E$2:$E$19,'Data Model'!$B$2:$B$19,$B$7,'Data Model'!$C$2:$C$19,R19)),0) -> 36469 | U19: =IF(OR($F$7="All months",$F$7=R19),IF($B$7="All stores",SUMIFS('Data Model'!$F$2:$F$19,'Data Model'!$C$2:$C$19,R19),SUMIFS('Data Model'!$F$2:$F$19,'Data Model'!$B$2:$B$19,$B$7,'Data Model'!$C$2:$C$19,R19)),0) -> 25335 | V19: Coffee beans | W19: =IF($F$7="All months",SUMIFS('Data Model'!$D$20:$D$73,'Data Model'!$B$20:$B$73,V19),SUMIFS('Data Model'!$D$20:$D$73,'Data Model'!$B$20:$B$73,V19,'Data Model'!$C$20:$C$73,$F$7)) -> 40085.25
R20: May | S20: =IF(OR($F$7="All months",$F$7=R20),IF($B$7="All stores",SUMIFS('Data Model'!$D$2:$D$19,'Data Model'!$C$2:$C$19,R20),SUMIFS('Data Model'!$D$2:$D$19,'Data Model'!$B$2:$B$19,$B$7,'Data Model'!$C$2:$C$19,R20)),0) -> 156727.76 | T20: =IF(OR($F$7="All months",$F$7=R20),IF($B$7="All stores",SUMIFS('Data Model'!$E$2:$E$19,'Data Model'!$C$2:$C$19,R20),SUMIFS('Data Model'!$E$2:$E$19,'Data Model'!$B$2:$B$19,$B$7,'Data Model'!$C$2:$C$19,R20)),0) -> 48233 | U20: =IF(OR($F$7="All months",$F$7=R20),IF($B$7="All stores",SUMIFS('Data Model'!$F$2:$F$19,'Data Model'!$C$2:$C$19,R20),SUMIFS('Data Model'!$F$2:$F$19,'Data Model'!$B$2:$B$19,$B$7,'Data Model'!$C$2:$C$19,R20)),0) -> 33527 | V20: Drinking Chocolate | W20: =IF($F$7="All months",SUMIFS('Data Model'!$D$20:$D$73,'Data Model'!$B$20:$B$73,V20),SUMIFS('Data Model'!$D$20:$D$73,'Data Model'!$B$20:$B$73,V20,'Data Model'!$C$20:$C$73,$F$7)) -> 72416
R21: Jun | S21: =IF(OR($F$7="All months",$F$7=R21),IF($B$7="All stores",SUMIFS('Data Model'!$D$2:$D$19,'Data Model'!$C$2:$C$19,R21),SUMIFS('Data Model'!$D$2:$D$19,'Data Model'!$B$2:$B$19,$B$7,'Data Model'!$C$2:$C$19,R21)),0) -> 166485.88 | T21: =IF(OR($F$7="All months",$F$7=R21),IF($B$7="All stores",SUMIFS('Data Model'!$E$2:$E$19,'Data Model'!$C$2:$C$19,R21),SUMIFS('Data Model'!$E$2:$E$19,'Data Model'!$B$2:$B$19,$B$7,'Data Model'!$C$2:$C$19,R21)),0) -> 50942 | U21: =IF(OR($F$7="All months",$F$7=R21),IF($B$7="All stores",SUMIFS('Data Model'!$F$2:$F$19,'Data Model'!$C$2:$C$19,R21),SUMIFS('Data Model'!$F$2:$F$19,'Data Model'!$B$2:$B$19,$B$7,'Data Model'!$C$2:$C$19,R21)),0) -> 35352 | V21: Flavours | W21: =IF($F$7="All months",SUMIFS('Data Model'!$D$20:$D$73,'Data Model'!$B$20:$B$73,V21),SUMIFS('Data Model'!$D$20:$D$73,'Data Model'!$B$20:$B$73,V21,'Data Model'!$C$20:$C$73,$F$7)) -> 8408.8
V22: Loose Tea | W22: =IF($F$7="All months",SUMIFS('Data Model'!$D$20:$D$73,'Data Model'!$B$20:$B$73,V22),SUMIFS('Data Model'!$D$20:$D$73,'Data Model'!$B$20:$B$73,V22,'Data Model'!$C$20:$C$73,$F$7)) -> 11213.6
V23: Packaged Chocolate | W23: =IF($F$7="All months",SUMIFS('Data Model'!$D$20:$D$73,'Data Model'!$B$20:$B$73,V23),SUMIFS('Data Model'!$D$20:$D$73,'Data Model'!$B$20:$B$73,V23,'Data Model'!$C$20:$C$73,$F$7)) -> 4407.64
V24: Tea | W24: =IF($F$7="All months",SUMIFS('Data Model'!$D$20:$D$73,'Data Model'!$B$20:$B$73,V24),SUMIFS('Data Model'!$D$20:$D$73,'Data Model'!$B$20:$B$73,V24,'Data Model'!$C$20:$C$73,$F$7)) -> 196405.95

Sheet Data Model
A1: Dimension | B1: Segment | C1: Month | D1: Revenue (R) | E1: Units Sold | F1: Transactions
A2: store_month | B2: Astoria | C2: Apr | D2: 39477.61 | E2: 12026 | F2: 8556
A3: store_month | B3: Astoria | C3: Feb | D3: 25105.34 | E3: 7718 | F3: 5490
A4: store_month | B4: Astoria | C4: Jan | D4: 27313.66 | E4: 8281 | F4: 5913
A5: store_month | B5: Astoria | C5: Jun | D5: 55083.11 | E5: 16853 | F5: 11985
A6: store_month | B6: Astoria | C6: Mar | D6: 32835.43 | E6: 9999 | F6: 7180
A7: store_month | B7: Astoria | C7: May | D7: 52428.76 | E7: 16114 | F7: 11475
A8: store_month | B8: Hell's Kitchen | C8: Apr | D8: 40304.14 | E8: 12194 | F8: 8629
A9: store_month | B9: Hell's Kitchen | C9: Feb | D9: 25719.8 | E9: 7937 | F9: 5606
A10: store_month | B10: Hell's Kitchen | C10: Jan | D10: 27820.65 | E10: 8340 | F10: 5868
A11: store_month | B11: Hell's Kitchen | C11: Jun | D11: 56957.08 | E11: 17124 | F11: 12071
A12: store_month | B12: Hell's Kitchen | C12: Mar | D12: 33110.57 | E12: 10198 | F12: 7267
A13: store_month | B13: Hell's Kitchen | C13: May | D13: 52598.93 | E13: 15944 | F13: 11294
... A73: category_month | B73: Tea | C73: May | D73: 44539.85 | E73: 15813 | F73: 10276
